statuses.created_at,statuses.id,statuses.id_str,statuses.text,statuses.truncated,statuses.entities.urls.url,statuses.entities.urls.expanded_url,statuses.entities.urls.display_url,statuses.entities.urls.indices,statuses.metadata.iso_language_code,statuses.metadata.result_type,statuses.source,statuses.in_reply_to_status_id,statuses.in_reply_to_status_id_str,statuses.in_reply_to_user_id,statuses.in_reply_to_user_id_str,statuses.in_reply_to_screen_name,statuses.user.id,statuses.user.id_str,statuses.user.name,statuses.user.screen_name,statuses.user.location,statuses.user.description,statuses.user.url,statuses.user.entities.url.urls.url,statuses.user.entities.url.urls.expanded_url,statuses.user.entities.url.urls.display_url,statuses.user.entities.url.urls.indices,statuses.user.protected,statuses.user.followers_count,statuses.user.friends_count,statuses.user.listed_count,statuses.user.created_at,statuses.user.favourites_count,statuses.user.utc_offset,statuses.user.time_zone,statuses.user.geo_enabled,statuses.user.verified,statuses.user.statuses_count,statuses.user.lang,statuses.user.contributors_enabled,statuses.user.is_translator,statuses.user.is_translation_enabled,statuses.user.profile_background_color,statuses.user.profile_background_image_url,statuses.user.profile_background_image_url_https,statuses.user.profile_background_tile,statuses.user.profile_image_url,statuses.user.profile_image_url_https,statuses.user.profile_link_color,statuses.user.profile_sidebar_border_color,statuses.user.profile_sidebar_fill_color,statuses.user.profile_text_color,statuses.user.profile_use_background_image,statuses.user.has_extended_profile,statuses.user.default_profile,statuses.user.default_profile_image,statuses.user.following,statuses.user.follow_request_sent,statuses.user.notifications,statuses.user.translator_type,statuses.geo,statuses.coordinates,statuses.place,statuses.contributors,statuses.is_quote_status,statuses.retweet_count,statuses.favorite_count,statuses.favorited,statuses.retweeted,statuses.lang,statuses.entities.user_mentions.screen_name,statuses.entities.user_mentions.name,statuses.entities.user_mentions.id,statuses.entities.user_mentions.id_str,statuses.entities.user_mentions.indices,statuses.user.entities.description.urls.url,statuses.user.entities.description.urls.expanded_url,statuses.user.entities.description.urls.display_url,statuses.user.entities.description.urls.indices,statuses.user.profile_banner_url,statuses.retweeted_status.created_at,statuses.retweeted_status.id,statuses.retweeted_status.id_str,statuses.retweeted_status.text,statuses.retweeted_status.truncated,statuses.retweeted_status.entities.urls.url,statuses.retweeted_status.entities.urls.expanded_url,statuses.retweeted_status.entities.urls.display_url,statuses.retweeted_status.entities.urls.indices,statuses.retweeted_status.metadata.iso_language_code,statuses.retweeted_status.metadata.result_type,statuses.retweeted_status.source,statuses.retweeted_status.in_reply_to_status_id,statuses.retweeted_status.in_reply_to_status_id_str,statuses.retweeted_status.in_reply_to_user_id,statuses.retweeted_status.in_reply_to_user_id_str,statuses.retweeted_status.in_reply_to_screen_name,statuses.retweeted_status.user.id,statuses.retweeted_status.user.id_str,statuses.retweeted_status.user.name,statuses.retweeted_status.user.screen_name,statuses.retweeted_status.user.location,statuses.retweeted_status.user.description,statuses.retweeted_status.user.url,statuses.retweeted_status.user.entities.url.urls.url,statuses.retweeted_status.user.entities.url.urls.expanded_url,statuses.retweeted_status.user.entities.url.urls.display_url,statuses.retweeted_status.user.entities.url.urls.indices,statuses.retweeted_status.user.protected,statuses.retweeted_status.user.followers_count,statuses.retweeted_status.user.friends_count,statuses.retweeted_status.user.listed_count,statuses.retweeted_status.user.created_at,statuses.retweeted_status.user.favourites_count,statuses.retweeted_status.user.utc_offset,statuses.retweeted_status.user.time_zone,statuses.retweeted_status.user.geo_enabled,statuses.retweeted_status.user.verified,statuses.retweeted_status.user.statuses_count,statuses.retweeted_status.user.lang,statuses.retweeted_status.user.contributors_enabled,statuses.retweeted_status.user.is_translator,statuses.retweeted_status.user.is_translation_enabled,statuses.retweeted_status.user.profile_background_color,statuses.retweeted_status.user.profile_background_image_url,statuses.retweeted_status.user.profile_background_image_url_https,statuses.retweeted_status.user.profile_background_tile,statuses.retweeted_status.user.profile_image_url,statuses.retweeted_status.user.profile_image_url_https,statuses.retweeted_status.user.profile_banner_url,statuses.retweeted_status.user.profile_link_color,statuses.retweeted_status.user.profile_sidebar_border_color,statuses.retweeted_status.user.profile_sidebar_fill_color,statuses.retweeted_status.user.profile_text_color,statuses.retweeted_status.user.profile_use_background_image,statuses.retweeted_status.user.has_extended_profile,statuses.retweeted_status.user.default_profile,statuses.retweeted_status.user.default_profile_image,statuses.retweeted_status.user.following,statuses.retweeted_status.user.follow_request_sent,statuses.retweeted_status.user.notifications,statuses.retweeted_status.user.translator_type,statuses.retweeted_status.geo,statuses.retweeted_status.coordinates,statuses.retweeted_status.place,statuses.retweeted_status.contributors,statuses.retweeted_status.is_quote_status,statuses.retweeted_status.retweet_count,statuses.retweeted_status.favorite_count,statuses.retweeted_status.favorited,statuses.retweeted_status.retweeted,statuses.retweeted_status.possibly_sensitive,statuses.retweeted_status.lang,statuses.possibly_sensitive,statuses.retweeted_status.quoted_status_id,statuses.retweeted_status.quoted_status_id_str,statuses.retweeted_status.quoted_status.created_at,statuses.retweeted_status.quoted_status.id,statuses.retweeted_status.quoted_status.id_str,statuses.retweeted_status.quoted_status.text,statuses.retweeted_status.quoted_status.truncated,statuses.retweeted_status.quoted_status.entities.user_mentions.screen_name,statuses.retweeted_status.quoted_status.entities.user_mentions.name,statuses.retweeted_status.quoted_status.entities.user_mentions.id,statuses.retweeted_status.quoted_status.entities.user_mentions.id_str,statuses.retweeted_status.quoted_status.entities.user_mentions.indices,statuses.retweeted_status.quoted_status.entities.urls.url,statuses.retweeted_status.quoted_status.entities.urls.expanded_url,statuses.retweeted_status.quoted_status.entities.urls.display_url,statuses.retweeted_status.quoted_status.entities.urls.indices,statuses.retweeted_status.quoted_status.metadata.iso_language_code,statuses.retweeted_status.quoted_status.metadata.result_type,statuses.retweeted_status.quoted_status.source,statuses.retweeted_status.quoted_status.in_reply_to_status_id,statuses.retweeted_status.quoted_status.in_reply_to_status_id_str,statuses.retweeted_status.quoted_status.in_reply_to_user_id,statuses.retweeted_status.quoted_status.in_reply_to_user_id_str,statuses.retweeted_status.quoted_status.in_reply_to_screen_name,statuses.retweeted_status.quoted_status.user.id,statuses.retweeted_status.quoted_status.user.id_str,statuses.retweeted_status.quoted_status.user.name,statuses.retweeted_status.quoted_status.user.screen_name,statuses.retweeted_status.quoted_status.user.location,statuses.retweeted_status.quoted_status.user.description,statuses.retweeted_status.quoted_status.user.url,statuses.retweeted_status.quoted_status.user.entities.url.urls.url,statuses.retweeted_status.quoted_status.user.entities.url.urls.expanded_url,statuses.retweeted_status.quoted_status.user.entities.url.urls.display_url,statuses.retweeted_status.quoted_status.user.entities.url.urls.indices,statuses.retweeted_status.quoted_status.user.protected,statuses.retweeted_status.quoted_status.user.followers_count,statuses.retweeted_status.quoted_status.user.friends_count,statuses.retweeted_status.quoted_status.user.listed_count,statuses.retweeted_status.quoted_status.user.created_at,statuses.retweeted_status.quoted_status.user.favourites_count,statuses.retweeted_status.quoted_status.user.utc_offset,statuses.retweeted_status.quoted_status.user.time_zone,statuses.retweeted_status.quoted_status.user.geo_enabled,statuses.retweeted_status.quoted_status.user.verified,statuses.retweeted_status.quoted_status.user.statuses_count,statuses.retweeted_status.quoted_status.user.lang,statuses.retweeted_status.quoted_status.user.contributors_enabled,statuses.retweeted_status.quoted_status.user.is_translator,statuses.retweeted_status.quoted_status.user.is_translation_enabled,statuses.retweeted_status.quoted_status.user.profile_background_color,statuses.retweeted_status.quoted_status.user.profile_background_image_url,statuses.retweeted_status.quoted_status.user.profile_background_image_url_https,statuses.retweeted_status.quoted_status.user.profile_background_tile,statuses.retweeted_status.quoted_status.user.profile_image_url,statuses.retweeted_status.quoted_status.user.profile_image_url_https,statuses.retweeted_status.quoted_status.user.profile_banner_url,statuses.retweeted_status.quoted_status.user.profile_link_color,statuses.retweeted_status.quoted_status.user.profile_sidebar_border_color,statuses.retweeted_status.quoted_status.user.profile_sidebar_fill_color,statuses.retweeted_status.quoted_status.user.profile_text_color,statuses.retweeted_status.quoted_status.user.profile_use_background_image,statuses.retweeted_status.quoted_status.user.has_extended_profile,statuses.retweeted_status.quoted_status.user.default_profile,statuses.retweeted_status.quoted_status.user.default_profile_image,statuses.retweeted_status.quoted_status.user.following,statuses.retweeted_status.quoted_status.user.follow_request_sent,statuses.retweeted_status.quoted_status.user.notifications,statuses.retweeted_status.quoted_status.user.translator_type,statuses.retweeted_status.quoted_status.geo,statuses.retweeted_status.quoted_status.coordinates,statuses.retweeted_status.quoted_status.place,statuses.retweeted_status.quoted_status.contributors,statuses.retweeted_status.quoted_status.is_quote_status,statuses.retweeted_status.quoted_status.retweet_count,statuses.retweeted_status.quoted_status.favorite_count,statuses.retweeted_status.quoted_status.favorited,statuses.retweeted_status.quoted_status.retweeted,statuses.retweeted_status.quoted_status.lang,statuses.quoted_status_id,statuses.quoted_status_id_str,statuses.retweeted_status.user.entities.description.urls.url,statuses.retweeted_status.user.entities.description.urls.expanded_url,statuses.retweeted_status.user.entities.description.urls.display_url,statuses.retweeted_status.user.entities.description.urls.indices,statuses.place.id,statuses.place.url,statuses.place.place_type,statuses.place.name,statuses.place.full_name,statuses.place.country_code,statuses.place.country,statuses.place.bounding_box.type,statuses.place.bounding_box.coordinates,statuses.entities.hashtags.text,statuses.entities.hashtags.indices,statuses.entities.media.id,statuses.entities.media.id_str,statuses.entities.media.indices,statuses.entities.media.media_url,statuses.entities.media.media_url_https,statuses.entities.media.url,statuses.entities.media.display_url,statuses.entities.media.expanded_url,statuses.entities.media.type,statuses.entities.media.sizes.medium.w,statuses.entities.media.sizes.medium.h,statuses.entities.media.sizes.medium.resize,statuses.entities.media.sizes.thumb.w,statuses.entities.media.sizes.thumb.h,statuses.entities.media.sizes.thumb.resize,statuses.entities.media.sizes.small.w,statuses.entities.media.sizes.small.h,statuses.entities.media.sizes.small.resize,statuses.entities.media.sizes.large.w,statuses.entities.media.sizes.large.h,statuses.entities.media.sizes.large.resize,statuses.entities.media.source_status_id,statuses.entities.media.source_status_id_str,statuses.entities.media.source_user_id,statuses.entities.media.source_user_id_str,statuses.extended_entities.media.id,statuses.extended_entities.media.id_str,statuses.extended_entities.media.indices,statuses.extended_entities.media.media_url,statuses.extended_entities.media.media_url_https,statuses.extended_entities.media.url,statuses.extended_entities.media.display_url,statuses.extended_entities.media.expanded_url,statuses.extended_entities.media.type,statuses.extended_entities.media.sizes.medium.w,statuses.extended_entities.media.sizes.medium.h,statuses.extended_entities.media.sizes.medium.resize,statuses.extended_entities.media.sizes.thumb.w,statuses.extended_entities.media.sizes.thumb.h,statuses.extended_entities.media.sizes.thumb.resize,statuses.extended_entities.media.sizes.small.w,statuses.extended_entities.media.sizes.small.h,statuses.extended_entities.media.sizes.small.resize,statuses.extended_entities.media.sizes.large.w,statuses.extended_entities.media.sizes.large.h,statuses.extended_entities.media.sizes.large.resize,statuses.extended_entities.media.source_status_id,statuses.extended_entities.media.source_status_id_str,statuses.extended_entities.media.source_user_id,statuses.extended_entities.media.source_user_id_str,statuses.retweeted_status.entities.user_mentions.screen_name,statuses.retweeted_status.entities.user_mentions.name,statuses.retweeted_status.entities.user_mentions.id,statuses.retweeted_status.entities.user_mentions.id_str,statuses.retweeted_status.entities.user_mentions.indices,statuses.retweeted_status.entities.media.id,statuses.retweeted_status.entities.media.id_str,statuses.retweeted_status.entities.media.indices,statuses.retweeted_status.entities.media.media_url,statuses.retweeted_status.entities.media.media_url_https,statuses.retweeted_status.entities.media.url,statuses.retweeted_status.entities.media.display_url,statuses.retweeted_status.entities.media.expanded_url,statuses.retweeted_status.entities.media.type,statuses.retweeted_status.entities.media.sizes.medium.w,statuses.retweeted_status.entities.media.sizes.medium.h,statuses.retweeted_status.entities.media.sizes.medium.resize,statuses.retweeted_status.entities.media.sizes.thumb.w,statuses.retweeted_status.entities.media.sizes.thumb.h,statuses.retweeted_status.entities.media.sizes.thumb.resize,statuses.retweeted_status.entities.media.sizes.small.w,statuses.retweeted_status.entities.media.sizes.small.h,statuses.retweeted_status.entities.media.sizes.small.resize,statuses.retweeted_status.entities.media.sizes.large.w,statuses.retweeted_status.entities.media.sizes.large.h,statuses.retweeted_status.entities.media.sizes.large.resize,statuses.retweeted_status.extended_entities.media.id,statuses.retweeted_status.extended_entities.media.id_str,statuses.retweeted_status.extended_entities.media.indices,statuses.retweeted_status.extended_entities.media.media_url,statuses.retweeted_status.extended_entities.media.media_url_https,statuses.retweeted_status.extended_entities.media.url,statuses.retweeted_status.extended_entities.media.display_url,statuses.retweeted_status.extended_entities.media.expanded_url,statuses.retweeted_status.extended_entities.media.type,statuses.retweeted_status.extended_entities.media.sizes.medium.w,statuses.retweeted_status.extended_entities.media.sizes.medium.h,statuses.retweeted_status.extended_entities.media.sizes.medium.resize,statuses.retweeted_status.extended_entities.media.sizes.thumb.w,statuses.retweeted_status.extended_entities.media.sizes.thumb.h,statuses.retweeted_status.extended_entities.media.sizes.thumb.resize,statuses.retweeted_status.extended_entities.media.sizes.small.w,statuses.retweeted_status.extended_entities.media.sizes.small.h,statuses.retweeted_status.extended_entities.media.sizes.small.resize,statuses.retweeted_status.extended_entities.media.sizes.large.w,statuses.retweeted_status.extended_entities.media.sizes.large.h,statuses.retweeted_status.extended_entities.media.sizes.large.resize,statuses.retweeted_status.entities.hashtags.text,statuses.retweeted_status.entities.hashtags.indices,search_metadata.completed_in,search_metadata.max_id,search_metadata.max_id_str,search_metadata.next_results,search_metadata.query,search_metadata.refresh_url,search_metadata.count,search_metadata.since_id,search_metadata.since_id_str
Thu Jun 07 20:03:56 +0000 2018,1004816245974323200,1004816245974323200,On parle ces derniers temps du probl√®me de centralisation √† cause de MS+github. Mais un autre pb bien plus grave ve‚Ä¶ https://t.co/m7nytdnHau,true,https://t.co/m7nytdnHau,https://twitter.com/i/web/status/1004816245974323200,twitter.com/i/web/status/1‚Ä¶,117;140,fr,recent,"<a href=""http://twitter.com"" rel=""nofollow"">Twitter Web Client</a>",1004730980610043900,1004730980610043907,86074234,86074234,david_bonilla,404221893,404221893,francois dambrine,francoisdambrin,France,Antiphisher et #python dev,https://t.co/DYxiGKiU5Q,https://t.co/DYxiGKiU5Q,http://www.zestedesavoir.com,zestedesavoir.com,0;23,false,140,114,23,Thu Nov 03 16:26:15 +0000 2011,164,,,false,false,3779,fr,false,false,false,C0DEED,http://abs.twimg.com/images/themes/theme1/bg.png,https://abs.twimg.com/images/themes/theme1/bg.png,false,http://pbs.twimg.com/profile_images/483175327674281984/xdaQYnnP_normal.png,https://pbs.twimg.com/profile_images/483175327674281984/xdaQYnnP_normal.png,1DA1F2,C0DEED,DDEEF6,333333,true,false,true,false,false,false,false,none,,,,,false,0,0,false,false,fr,Pwn20wnd,Pwn20wnd,720957658501640200,720957658501640193,3;12,https://t.co/rtfczuHGfh,https://t.me/AhmadYA,t.me/AhmadYA,32;55,https://pbs.twimg.com/profile_banners/333251465/1526510679,Thu Jun 07 19:58:24 +0000 2018,1004814853842743300,1004814853842743296,"noncereboot1131 has been released on https://t.co/ekAr9gdL9d. For now, you have to compile it yourself with your de‚Ä¶ https://t.co/RpOac8hGc2",true,https://t.co/ekAr9gdL9d,https://github.com/pwn20wndstuff/noncereboot1131UI,github.com/pwn20wndstuff/‚Ä¶,37;60,en,recent,"<a href=""http://tapbots.com/tweetbot"" rel=""nofollow"">Tweetbot for iŒüS</a>",,,,,,720957658501640200,720957658501640193,Pwn20wnd,Pwn20wnd,"kcall(offset_of_pwn20wnd + kslide, 1)",ARM64 Superstar,https://t.co/wXKIFpS8BM,https://t.co/wXKIFpS8BM,http://xnu.science,xnu.science,0;23,false,3142,218,26,Fri Apr 15 12:51:15 +0000 2016,7105,,,true,false,5018,en,false,false,false,F5F8FA,http://abs.twimg.com/images/themes/theme1/bg.png,https://abs.twimg.com/images/themes/theme1/bg.png,false,http://pbs.twimg.com/profile_images/893831521659912193/5JzdY1p9_normal.jpg,https://pbs.twimg.com/profile_images/893831521659912193/5JzdY1p9_normal.jpg,https://pbs.twimg.com/profile_banners/720957658501640193/1498141974,1DA1F2,C0DEED,DDEEF6,333333,true,false,true,false,false,false,false,none,,,,,false,39,105,false,false,false,en,false,1004529586997211100,1004529586997211137,Thu Jun 07 01:04:51 +0000 2018,1004529586997211100,1004529586997211137,"Okay I get it. @GitLab's product leapfrogged GitHub. I'm shocked how incredibly nice, thoughtful and well designed‚Ä¶ https://t.co/0nJWM9pKVL",true,gitlab,GitLab,390167291,390167291,15;22,https://t.co/0nJWM9pKVL,https://twitter.com/i/web/status/1004529586997211137,twitter.com/i/web/status/1‚Ä¶,116;139,en,recent,"<a href=""http://twitter.com"" rel=""nofollow"">Twitter Web Client</a>",1004196399574081500,1004196399574081536,6611772,6611772,zeekay,6611772,6611772,Zach Kelling,zeekay,curl zeekay.chat | python,I get scientific with coffee and consume dangerous amounts of music in the pursuit of decentralization. Co-founder @hanzoai.,https://t.co/n18OicHd49,https://t.co/n18OicHd49,http://hanzo.ai,hanzo.ai,0;23,false,883,3957,139,Wed Jun 06 06:10:27 +0000 2007,1118,,,true,false,2428,en,false,false,false,000000,http://abs.twimg.com/images/themes/theme15/bg.png,https://abs.twimg.com/images/themes/theme15/bg.png,false,http://pbs.twimg.com/profile_images/918498207885279233/RA96-7NM_normal.jpg,https://pbs.twimg.com/profile_images/918498207885279233/RA96-7NM_normal.jpg,https://pbs.twimg.com/profile_banners/6611772/1481479044,ABB8C2,000000,000000,000000,false,true,false,false,false,false,false,none,,,,,false,30,136,false,false,en,1004529586997211100,1004529586997211137,https://t.co/W4HbgBrmnU,https://www.patreon.com/iFenix,patreon.com/iFenix,89;112,832740dd9188afcb,https://api.twitter.com/1.1/geo/id/832740dd9188afcb.json,city,Corcelles-Cormondr√®che,"Corcelles-Cormondr√®che, Suisse",CH,Switzerland,Polygon,6.8451398;46.9771384;6.8849534;46.9771384;6.8849534;47.0028144;6.8451398;47.0028144,Android,13;21,1004811674975498200,1004811674975498240,95;118,http://pbs.twimg.com/media/DfHO5QkUcAAk2yb.jpg,https://pbs.twimg.com/media/DfHO5QkUcAAk2yb.jpg,https://t.co/lWKLFCR4b0,pic.twitter.com/lWKLFCR4b0,https://twitter.com/nayafia/status/1004812335104458752/photo/1,photo,777,372,fit,150,150,crop,680,326,fit,777,372,fit,1004812335104458800,1004812335104458752,326511843,326511843,1004811674975498200,1004811674975498240,95;118,http://pbs.twimg.com/media/DfHO5QkUcAAk2yb.jpg,https://pbs.twimg.com/media/DfHO5QkUcAAk2yb.jpg,https://t.co/lWKLFCR4b0,pic.twitter.com/lWKLFCR4b0,https://twitter.com/nayafia/status/1004812335104458752/photo/1,photo,777,372,fit,150,150,crop,680,326,fit,777,372,fit,1004812335104458800,1004812335104458752,326511843,326511843,natfriedman,Nat Friedman,13235832,13235832,29;41,1004811674975498200,1004811674975498240,82;105,http://pbs.twimg.com/media/DfHO5QkUcAAk2yb.jpg,https://pbs.twimg.com/media/DfHO5QkUcAAk2yb.jpg,https://t.co/lWKLFCR4b0,pic.twitter.com/lWKLFCR4b0,https://twitter.com/nayafia/status/1004812335104458752/photo/1,photo,777,372,fit,150,150,crop,680,326,fit,777,372,fit,1004811674975498200,1004811674975498240,82;105,http://pbs.twimg.com/media/DfHO5QkUcAAk2yb.jpg,https://pbs.twimg.com/media/DfHO5QkUcAAk2yb.jpg,https://t.co/lWKLFCR4b0,pic.twitter.com/lWKLFCR4b0,https://twitter.com/nayafia/status/1004812335104458752/photo/1,photo,777,372,fit,150,150,crop,680,326,fit,777,372,fit,rubyonrails,46;58,0.063,1004816245974323200,1004816245974323200,?max_id=1004816122678579201&q=%27github%27&count=20&include_entities=1,%27github%27,?since_id=1004816245974323200&q=%27github%27&include_entities=1,20,0,0
Thu Jun 07 20:03:53 +0000 2018,1004816234414792700,1004816234414792704,"RT @Pwn20wnd: noncereboot1131 has been released on https://t.co/ekAr9gdL9d. For now, you have to compile it yourself with your developer ac‚Ä¶",false,https://t.co/ekAr9gdL9d,https://github.com/pwn20wndstuff/noncereboot1131UI,github.com/pwn20wndstuff/‚Ä¶,51;74,en,recent,"<a href=""http://twitter.com/download/iphone"" rel=""nofollow"">Twitter for iPhone</a>",1001901789376106500,1001901789376106496,4901580389,4901580389,FinnCoding,333251465,333251465,Ahmad ABBOUD,ahmadyabboud,"Paris, France | Tyre, Liban",The Official Twitter Account  | https://t.co/rtfczuHGfh,https://t.co/p9uyEsKlMb,https://t.co/p9uyEsKlMb,http://ahmadyabboud.com,ahmadyabboud.com,0;23,false,1206,372,10,Mon Jul 11 07:11:56 +0000 2011,9893,,,true,false,15500,en,false,false,false,1A1B1F,http://abs.twimg.com/images/themes/theme9/bg.gif,https://abs.twimg.com/images/themes/theme9/bg.gif,false,http://pbs.twimg.com/profile_images/1004434754090004483/nY4c-pTW_normal.jpg,https://pbs.twimg.com/profile_images/1004434754090004483/nY4c-pTW_normal.jpg,1A1B1F,000000,252429,666666,true,true,false,false,false,false,false,none,,,,,false,39,0,false,false,en,Pwn20wnd,Pwn20wnd,720957658501640200,720957658501640193,3;12,,,,,https://pbs.twimg.com/profile_banners/326127564/1476371429,Thu Jun 07 19:58:24 +0000 2018,1004814853842743300,1004814853842743296,"noncereboot1131 has been released on https://t.co/ekAr9gdL9d. For now, you have to compile it yourself with your de‚Ä¶ https://t.co/RpOac8hGc2",true,https://t.co/RpOac8hGc2,https://twitter.com/i/web/status/1004814853842743296,twitter.com/i/web/status/1‚Ä¶,117;140,en,recent,"<a href=""http://tapbots.com/tweetbot"" rel=""nofollow"">Tweetbot for iŒüS</a>",,,,,,720957658501640200,720957658501640193,Pwn20wnd,Pwn20wnd,"kcall(offset_of_pwn20wnd + kslide, 1)",ARM64 Superstar,https://t.co/wXKIFpS8BM,https://t.co/wXKIFpS8BM,http://xnu.science,xnu.science,0;23,false,3142,218,26,Fri Apr 15 12:51:15 +0000 2016,7105,,,true,false,5018,en,false,false,false,F5F8FA,http://abs.twimg.com/images/themes/theme9/bg.gif,https://abs.twimg.com/images/themes/theme9/bg.gif,false,http://pbs.twimg.com/profile_images/893831521659912193/5JzdY1p9_normal.jpg,https://pbs.twimg.com/profile_images/893831521659912193/5JzdY1p9_normal.jpg,https://pbs.twimg.com/profile_banners/720957658501640193/1498141974,1DA1F2,C0DEED,DDEEF6,333333,true,false,true,false,false,false,false,none,,,,,false,39,106,false,false,false,en,true,1004529586997211100,1004529586997211137,Thu Jun 07 01:04:51 +0000 2018,1004529586997211100,1004529586997211137,"Okay I get it. @GitLab's product leapfrogged GitHub. I'm shocked how incredibly nice, thoughtful and well designed‚Ä¶ https://t.co/0nJWM9pKVL",true,gitlab,GitLab,390167291,390167291,15;22,https://t.co/0nJWM9pKVL,https://twitter.com/i/web/status/1004529586997211137,twitter.com/i/web/status/1‚Ä¶,116;139,en,recent,"<a href=""http://twitter.com"" rel=""nofollow"">Twitter Web Client</a>",1004196399574081500,1004196399574081536,6611772,6611772,zeekay,6611772,6611772,Zach Kelling,zeekay,curl zeekay.chat | python,I get scientific with coffee and consume dangerous amounts of music in the pursuit of decentralization. Co-founder @hanzoai.,https://t.co/n18OicHd49,https://t.co/n18OicHd49,http://hanzo.ai,hanzo.ai,0;23,false,883,3957,139,Wed Jun 06 06:10:27 +0000 2007,1118,,,true,false,2428,en,false,false,false,000000,http://abs.twimg.com/images/themes/theme15/bg.png,https://abs.twimg.com/images/themes/theme15/bg.png,false,http://pbs.twimg.com/profile_images/918498207885279233/RA96-7NM_normal.jpg,https://pbs.twimg.com/profile_images/918498207885279233/RA96-7NM_normal.jpg,https://pbs.twimg.com/profile_banners/6611772/1481479044,ABB8C2,000000,000000,000000,false,true,false,false,false,false,false,none,,,,,false,30,136,false,false,en,1004529586997211100,1004529586997211137,https://t.co/4YPxPooClO,https://tinyletter.com/nayafia,tinyletter.com/nayafia,37;60,56c45474148ca4da,https://api.twitter.com/1.1/geo/id/56c45474148ca4da.json,city,Paddington,"Paddington, London",GB,United Kingdom,Polygon,-0.2160701;51.5098789;-0.1301597;51.5098789;-0.1301597;51.5397916;-0.2160701;51.5397916,rubyonrails,63;75,,,,,,,,,,,,,,,,,,,,,,,,,,,,,,,,,,,,,,,,,,,,,,,,,,,AtomEditor,Atom Editor,2339397540,2339397540,40;51,,,,,,,,,,,,,,,,,,,,,,,,,,,,,,,,,,,,,,,,,,,,,,,,,,,,,
Thu Jun 07 20:03:53 +0000 2018,1004816233995427800,1004816233995427841,"RT @Pwn20wnd: noncereboot1131 has been released on https://t.co/ekAr9gdL9d. For now, you have to compile it yourself with your developer ac‚Ä¶",false,https://t.co/ekAr9gdL9d,https://github.com/pwn20wndstuff/noncereboot1131UI,github.com/pwn20wndstuff/‚Ä¶,51;74,en,recent,"<a href=""http://twitter.com/download/iphone"" rel=""nofollow"">Twitter for iPhone</a>",,,,,,326127564,326127564,H√©ritier Kandolo MCT,heritierkandolo,R√©publique D√©mocratique Du Con,"CyberOps | Admin. System and Network, CEO at @PrtechGroup, MCSA, MOSM, CCNA, CCENT, MCPs, IT Essentials, Dev #HTML5, #CSS, #PShell, #VBA, #Php, & #Python",https://t.co/i0VVuMHx8f,https://t.co/i0VVuMHx8f,http://www.prtech-group.com,prtech-group.com,0;23,false,223,805,90,Wed Jun 29 12:27:14 +0000 2011,2106,,,true,false,5413,fr,false,false,false,000000,http://abs.twimg.com/images/themes/theme4/bg.gif,https://abs.twimg.com/images/themes/theme4/bg.gif,false,http://pbs.twimg.com/profile_images/940565332665630722/pPoBgj_H_normal.jpg,https://pbs.twimg.com/profile_images/940565332665630722/pPoBgj_H_normal.jpg,981CEB,000000,000000,000000,false,true,false,false,false,false,false,none,,,,,false,39,0,false,false,en,Pwn20wnd,Pwn20wnd,720957658501640200,720957658501640193,3;12,,,,,https://pbs.twimg.com/profile_banners/2815451714/1434915712,Thu Jun 07 19:58:24 +0000 2018,1004814853842743300,1004814853842743296,"noncereboot1131 has been released on https://t.co/ekAr9gdL9d. For now, you have to compile it yourself with your de‚Ä¶ https://t.co/RpOac8hGc2",true,https://t.co/ekAr9gdL9d,https://github.com/pwn20wndstuff/noncereboot1131UI,github.com/pwn20wndstuff/‚Ä¶,37;60,en,recent,"<a href=""http://tapbots.com/tweetbot"" rel=""nofollow"">Tweetbot for iŒüS</a>",,,,,,720957658501640200,720957658501640193,Pwn20wnd,Pwn20wnd,"kcall(offset_of_pwn20wnd + kslide, 1)",ARM64 Superstar,https://t.co/wXKIFpS8BM,https://t.co/wXKIFpS8BM,http://xnu.science,xnu.science,0;23,false,3142,218,26,Fri Apr 15 12:51:15 +0000 2016,7105,,,true,false,5018,en,false,false,false,F5F8FA,http://abs.twimg.com/images/themes/theme16/bg.gif,https://abs.twimg.com/images/themes/theme16/bg.gif,false,http://pbs.twimg.com/profile_images/893831521659912193/5JzdY1p9_normal.jpg,https://pbs.twimg.com/profile_images/893831521659912193/5JzdY1p9_normal.jpg,https://pbs.twimg.com/profile_banners/720957658501640193/1498141974,1DA1F2,C0DEED,DDEEF6,333333,true,false,true,false,false,false,false,none,,,,,false,39,106,false,false,false,en,false,,,,,,,,,,,,,,,,,,,,,,,,,,,,,,,,,,,,,,,,,,,,,,,,,,,,,,,,,,,,,,,,,,,,,,,,,,,,,,,,,,,,,,,,,,,,,,,,,,,,,,,,,,,,,,,,,,,,,,,,,,,,,,,,,,,,,,,,,,,,,,,,,,,natfriedman,Nat Friedman,13235832,13235832,100;112,,,,,,,,,,,,,,,,,,,,,,,,,,,,,,,,,,,,,,,,,,,,,,,,,,,,,
Thu Jun 07 20:03:52 +0000 2018,1004816231113920500,1004816231113920512,"RT @Pwn20wnd: noncereboot1131 has been released on https://t.co/ekAr9gdL9d. For now, you have to compile it yourself with your developer ac‚Ä¶",false,https://t.co/ekAr9gdL9d,https://github.com/pwn20wndstuff/noncereboot1131UI,github.com/pwn20wndstuff/‚Ä¶,51;74,en,recent,"<a href=""http://twitter.com/download/iphone"" rel=""nofollow"">Twitter for iPhone</a>",,,,,,889407429519323100,889407429519323136,Roxrz,Roxrz_,"Helsinki, Finland",GT/PSN: Roxrz,https://t.co/oWXwp3Fb2o,https://t.co/oWXwp3Fb2o,http://Webokrasi.org,Webokrasi.org,0;23,false,48,182,0,Mon Jul 24 08:50:30 +0000 2017,2186,,,false,false,1047,en,false,false,false,F5F8FA,http://abs.twimg.com/images/themes/theme1/bg.png,https://abs.twimg.com/images/themes/theme1/bg.png,false,http://pbs.twimg.com/profile_images/915244220742606850/e2pzb60S_normal.jpg,https://pbs.twimg.com/profile_images/915244220742606850/e2pzb60S_normal.jpg,1DA1F2,C0DEED,DDEEF6,333333,true,false,true,false,false,false,false,none,,,,,false,39,0,false,false,en,gitlab,GitLab,390167291,390167291,3;10,,,,,https://pbs.twimg.com/profile_banners/715108395217522692/1501979408,Thu Jun 07 17:31:26 +0000 2018,1004777869862580200,1004777869862580224,The amount of imports from https://t.co/G6r2Ow2g8m to https://t.co/C4mACZ8axF increased for the 4th day in a row! P‚Ä¶ https://t.co/SFjHnC0BQj,true,https://t.co/RpOac8hGc2,https://twitter.com/i/web/status/1004814853842743296,twitter.com/i/web/status/1‚Ä¶,117;140,en,recent,"<a href=""http://twitter.com"" rel=""nofollow"">Twitter Web Client</a>",,,,,,390167291,390167291,GitLab,gitlab,"Denizli, T√ºrkiye",GitLab is open source software to collaborate on code. Everyone can contribute. Follow @GitLabStatus for service information. Support via DM is not provided.,https://t.co/gIDwpSIQZd,https://t.co/gIDwpSIQZd,https://about.gitlab.com/,about.gitlab.com,0;23,false,72434,337,1251,Thu Oct 13 15:27:13 +0000 2011,8488,,,false,true,26264,en,false,false,false,333333,http://abs.twimg.com/images/themes/theme1/bg.png,https://abs.twimg.com/images/themes/theme1/bg.png,true,http://pbs.twimg.com/profile_images/757993008461742080/9pAwHBR0_normal.jpg,https://pbs.twimg.com/profile_images/757993008461742080/9pAwHBR0_normal.jpg,https://pbs.twimg.com/profile_banners/390167291/1512759310,554488,FFFFFF,474D57,CCCCCC,true,false,false,false,false,false,false,none,,,,,true,105,264,false,false,false,en,false,,,,,,,,,,,,,,,,,,,,,,,,,,,,,,,,,,,,,,,,,,,,,,,,,,,,,,,,,,,,,,,,,,,,,,,,,,,,,,,,,,,,,,,,,,,,,,,,,,,,,,,,,,,,,,,,,,,,,,,,,,,,,,,,,,,,,,,,,,,,,,,,,,,,,,,,,,,,,,,,,,,,,,,,,,,,,,,,,,,,,,,,,,,,,,,,,,,,,,,,,,,,
Thu Jun 07 20:03:51 +0000 2018,1004816227892645900,1004816227892645889,RT @gitlab: The amount of imports from https://t.co/G6r2Ow2g8m to https://t.co/C4mACZ8axF increased for the 4th day in a row! People are gi‚Ä¶,false,https://t.co/G6r2Ow2g8m,http://GitHub.com,GitHub.com,39;62,en,recent,"<a href=""http://twitter.com"" rel=""nofollow"">Twitter Web Client</a>",,,,,,2815451714,2815451714,Webokrasi,Webokrasi,"brazil , china ","ALLAH'IN KRALLIƒûI, ALLAH'IN YASALARI 18:26
Temsili Deƒüil, Doƒürudan Web Y√ºr√ºtmesi 42:38 #Webokrasi #Webocracy",http://t.co/thC27NtTxG,http://t.co/thC27NtTxG,http://krister.fi,krister.fi,0;22,false,738,132,0,Wed Sep 17 19:44:28 +0000 2014,294,,,false,false,351,tr,false,false,false,000000,http://abs.twimg.com/images/themes/theme1/bg.png,https://abs.twimg.com/images/themes/theme1/bg.png,false,http://pbs.twimg.com/profile_images/861274545847771136/lFkjWak2_normal.jpg,https://pbs.twimg.com/profile_images/861274545847771136/lFkjWak2_normal.jpg,1B95E0,000000,000000,000000,false,false,false,false,false,false,false,none,,,,,true,105,0,false,false,en,reactnative,React Native,3003743254,3003743254,48;60,,,,,https://pbs.twimg.com/profile_banners/3198942929/1503267888,Thu Jun 07 20:01:37 +0000 2018,1004815663452565500,1004815663452565504,"Nonce setter for 11.2-11.3.1 is now available!!

https://t.co/sSC0EEdBkN",false,https://t.co/ekAr9gdL9d,https://github.com/pwn20wndstuff/noncereboot1131UI,github.com/pwn20wndstuff/‚Ä¶,37;60,en,recent,"<a href=""http://twitter.com"" rel=""nofollow"">Twitter Web Client</a>",,,,,,1716433945,1716433945,iFenix,iFenixx,San Francisco,"iOS Delisi Administrators | iPhone | iOS | Jailbreak | Tweaks | Theme Test | Research |

https://t.co/W4HbgBrmnU",http://t.co/WKkYlhZXwE,http://t.co/WKkYlhZXwE,http://www.iosdelisi.com/,iosdelisi.com,0;22,false,14321,232,114,Sat Aug 31 18:13:17 +0000 2013,13765,,,false,false,19888,tr,false,false,false,DD2E44,http://abs.twimg.com/images/themes/theme4/bg.gif,https://abs.twimg.com/images/themes/theme4/bg.gif,false,http://pbs.twimg.com/profile_images/961564156137787397/WyJ5yYM-_normal.jpg,https://pbs.twimg.com/profile_images/961564156137787397/WyJ5yYM-_normal.jpg,https://pbs.twimg.com/profile_banners/1716433945/1482919931,1B95E0,000000,000000,000000,true,true,false,false,false,false,false,none,,,,,false,4,10,false,false,false,en,false,,,,,,,,,,,,,,,,,,,,,,,,,,,,,,,,,,,,,,,,,,,,,,,,,,,,,,,,,,,,,,,,,,,,,,,,,,,,,,,,,,,,,,,,,,,,,,,,,,,,,,,,,,,,,,,,,,,,,,,,,,,,,,,,,,,,,,,,,,,,,,,,,,,,,,,,,,,,,,,,,,,,,,,,,,,,,,,,,,,,,,,,,,,,,,,,,,,,,,,,,,,,
Thu Jun 07 20:03:50 +0000 2018,1004816221752234000,1004816221752233986,I added support for using CSS Viewport Units in @reactnative. Works really well for creating responsive apps. Demo:‚Ä¶ https://t.co/0Rm1EcZwhH,true,https://t.co/C4mACZ8axF,http://GitLab.com,GitLab.com,66;89,en,recent,"<a href=""https://mobile.twitter.com"" rel=""nofollow"">Twitter Lite</a>",,,,,,157494059,157494059,Krister Kari,KristerKari,Cormondr√®che - Switzerland,"Programmer, mainly doing frontend development. Interested in UX and design.",https://t.co/LlylWoWpjk,https://t.co/LlylWoWpjk,https://github.com/panglizhan,github.com/panglizhan,0;23,false,483,1248,24,Sun Jun 20 00:38:07 +0000 2010,439,,,false,false,1601,en,false,false,true,F08E60,http://abs.twimg.com/images/themes/theme1/bg.png,https://abs.twimg.com/images/themes/theme1/bg.png,false,http://pbs.twimg.com/profile_images/1006124097/krister_kari_normal.jpg,https://pbs.twimg.com/profile_images/1006124097/krister_kari_normal.jpg,E14A24,312D2C,FAFCEF,312D2C,false,false,false,false,false,false,false,regular,,,,,false,0,0,false,false,en,iFenixx,iFenix,1716433945,1716433945,3;11,,,,,https://pbs.twimg.com/profile_banners/737216390143344640/1478079250,Thu Jun 07 19:48:23 +0000 2018,1004812335104458800,1004812335104458752,More reasons I'm excited for @natfriedman to join GitHub üåùhttps://t.co/GxQ6n99V3J https://t.co/lWKLFCR4b0,false,https://t.co/RpOac8hGc2,https://twitter.com/i/web/status/1004814853842743296,twitter.com/i/web/status/1‚Ä¶,117;140,en,recent,"<a href=""http://twitter.com"" rel=""nofollow"">Twitter Web Client</a>",,,,,,326511843,326511843,Nadia Eghbal,nayafia,"kcall(offset_of_pwn20wnd + kslide, 1)",untrained housecat // email updates: https://t.co/4YPxPooClO,https://t.co/uPQvPwwAeI,https://t.co/uPQvPwwAeI,http://nadiaeghbal.com/,nadiaeghbal.com,0;23,false,9683,342,376,Thu Jun 30 01:27:22 +0000 2011,24840,,,true,false,8612,en,false,false,false,9AE4E8,http://abs.twimg.com/images/themes/theme14/bg.gif,https://abs.twimg.com/images/themes/theme14/bg.gif,false,http://pbs.twimg.com/profile_images/1648848489/twitter_normal.png,https://pbs.twimg.com/profile_images/1648848489/twitter_normal.png,https://pbs.twimg.com/profile_banners/326511843/1402335620,0084B4,BDDCAD,DDFFCC,333333,true,false,false,false,false,false,false,none,,,,,false,12,26,false,false,false,en,false,,,,,,,,,,,,,,,,,,,,,,,,,,,,,,,,,,,,,,,,,,,,,,,,,,,,,,,,,,,,,,,,,,,,,,,,,,,,,,,,,,,,,,,,,,,,,,,,,,,,,,,,,,,,,,,,,,,,,,,,,,,,,,,,,,,,,,,,,,,,,,,,,,,,,,,,,,,,,,,,,,,,,,,,,,,,,,,,,,,,,,,,,,,,,,,,,,,,,,,,,,,,
Thu Jun 07 20:03:50 +0000 2018,1004816221747990500,1004816221747990529,"RT @iFenixx: Nonce setter for 11.2-11.3.1 is now available!!

https://t.co/sSC0EEdBkN",false,https://t.co/0Rm1EcZwhH,https://twitter.com/i/web/status/1004816221752233986,twitter.com/i/web/status/1‚Ä¶,117;140,en,recent,"<a href=""http://twitter.com"" rel=""nofollow"">Twitter Web Client</a>",,,,,,715108395217522700,715108395217522692,Pang Lizhan,lyzh0n_p0ng,Androidia,apenas pessoa normal,https://t.co/T2Z97vdGl3,https://t.co/T2Z97vdGl3,https://www.linkedin.com/in/claudioombrella/,linkedin.com/in/claudioombr‚Ä¶,0;23,false,218,1579,25,Wed Mar 30 09:28:22 +0000 2016,6239,,,true,false,5794,en,false,false,false,F5F8FA,http://abs.twimg.com/images/themes/theme1/bg.png,https://abs.twimg.com/images/themes/theme1/bg.png,false,http://pbs.twimg.com/profile_images/891714778741317632/SKFfpScb_normal.jpg,https://pbs.twimg.com/profile_images/891714778741317632/SKFfpScb_normal.jpg,1DA1F2,C0DEED,DDEEF6,333333,true,true,true,false,false,false,false,none,,,,,false,4,0,false,false,en,david_bonilla,David Bonilla,86074234,86074234,0;14,,,,,https://pbs.twimg.com/profile_banners/898170906/1524063557,Thu Jun 07 17:31:26 +0000 2018,1004777869862580200,1004777869862580224,The amount of imports from https://t.co/G6r2Ow2g8m to https://t.co/C4mACZ8axF increased for the 4th day in a row! P‚Ä¶ https://t.co/SFjHnC0BQj,true,https://t.co/G6r2Ow2g8m,http://GitHub.com,GitHub.com,27;50,en,recent,"<a href=""http://twitter.com"" rel=""nofollow"">Twitter Web Client</a>",,,,,,390167291,390167291,GitLab,gitlab,"Ystalyfera, Wales",GitLab is open source software to collaborate on code. Everyone can contribute. Follow @GitLabStatus for service information. Support via DM is not provided.,https://t.co/gIDwpSIQZd,https://t.co/gIDwpSIQZd,https://about.gitlab.com/,about.gitlab.com,0;23,false,72434,337,1251,Thu Oct 13 15:27:13 +0000 2011,8488,,,false,true,26264,en,false,false,false,333333,http://abs.twimg.com/images/themes/theme1/bg.png,https://abs.twimg.com/images/themes/theme1/bg.png,true,http://pbs.twimg.com/profile_images/757993008461742080/9pAwHBR0_normal.jpg,https://pbs.twimg.com/profile_images/757993008461742080/9pAwHBR0_normal.jpg,https://pbs.twimg.com/profile_banners/390167291/1512759310,554488,FFFFFF,474D57,CCCCCC,true,false,false,false,false,false,false,none,,,,,true,105,264,false,false,false,en,false,,,,,,,,,,,,,,,,,,,,,,,,,,,,,,,,,,,,,,,,,,,,,,,,,,,,,,,,,,,,,,,,,,,,,,,,,,,,,,,,,,,,,,,,,,,,,,,,,,,,,,,,,,,,,,,,,,,,,,,,,,,,,,,,,,,,,,,,,,,,,,,,,,,,,,,,,,,,,,,,,,,,,,,,,,,,,,,,,,,,,,,,,,,,,,,,,,,,,,,,,,,,
Thu Jun 07 20:03:49 +0000 2018,1004816218589745200,1004816218589745152,@david_bonilla @leodmurillo @HugoTobio The GitHub octocat does not smile üòë,false,https://t.co/sSC0EEdBkN,https://github.com/pwn20wndstuff/noncereboot1131UI,github.com/pwn20wndstuff/‚Ä¶,62;85,en,recent,"<a href=""http://twitter.com/download/iphone"" rel=""nofollow"">Twitter for iPhone</a>",,,,,,3198942929,3198942929,Claudio Ombrella,ClaudioOmbrella,"Sanford, FL, USA",Senior Manager Engineering Systems at Autodesk,https://t.co/2gAc5Z0s6e,https://t.co/2gAc5Z0s6e,http://Bit.ly/EnchantedEd,Bit.ly/EnchantedEd,0;23,false,113,89,16,Thu Apr 23 19:17:54 +0000 2015,4583,,,true,false,1786,en,false,false,true,C0DEED,http://abs.twimg.com/images/themes/theme1/bg.png,https://abs.twimg.com/images/themes/theme1/bg.png,false,http://pbs.twimg.com/profile_images/836210909878054912/NNOUnyVJ_normal.jpg,https://pbs.twimg.com/profile_images/836210909878054912/NNOUnyVJ_normal.jpg,1DA1F2,C0DEED,DDEEF6,333333,true,true,true,false,false,false,false,none,,,,,false,0,0,false,false,en,leodmurillo,Leo D√≠az,197656530,197656530,15;27,,,,,https://pbs.twimg.com/profile_banners/3049134304/1497258294,Thu Jun 07 19:58:24 +0000 2018,1004814853842743300,1004814853842743296,"noncereboot1131 has been released on https://t.co/ekAr9gdL9d. For now, you have to compile it yourself with your de‚Ä¶ https://t.co/RpOac8hGc2",true,https://t.co/C4mACZ8axF,http://GitLab.com,GitLab.com,54;77,en,recent,"<a href=""http://tapbots.com/tweetbot"" rel=""nofollow"">Tweetbot for iŒüS</a>",,,,,,720957658501640200,720957658501640193,Pwn20wnd,Pwn20wnd,"Seattle, WA",ARM64 Superstar,https://t.co/wXKIFpS8BM,https://t.co/wXKIFpS8BM,http://xnu.science,xnu.science,0;23,false,3142,218,26,Fri Apr 15 12:51:15 +0000 2016,7105,,,true,false,5018,en,false,false,false,F5F8FA,,,false,http://pbs.twimg.com/profile_images/893831521659912193/5JzdY1p9_normal.jpg,https://pbs.twimg.com/profile_images/893831521659912193/5JzdY1p9_normal.jpg,https://pbs.twimg.com/profile_banners/720957658501640193/1498141974,1DA1F2,C0DEED,DDEEF6,333333,true,false,true,false,false,false,false,none,,,,,false,39,106,false,false,false,en,false,,,,,,,,,,,,,,,,,,,,,,,,,,,,,,,,,,,,,,,,,,,,,,,,,,,,,,,,,,,,,,,,,,,,,,,,,,,,,,,,,,,,,,,,,,,,,,,,,,,,,,,,,,,,,,,,,,,,,,,,,,,,,,,,,,,,,,,,,,,,,,,,,,,,,,,,,,,,,,,,,,,,,,,,,,,,,,,,,,,,,,,,,,,,,,,,,,,,,,,,,,,,
Thu Jun 07 20:03:48 +0000 2018,1004816212872683500,1004816212872683520,"Programming: #Android Games, Buzzwords, and Leaving GitHub https://t.co/Nub3gXk351",false,https://t.co/Nub3gXk351,http://dlvr.it/QWXrlm,dlvr.it/QWXrlm,59;82,en,recent,"<a href=""https://dlvrit.com/"" rel=""nofollow"">dlvr.it</a>",,,,,,224498923,224498923,The Android Newsbeat,AndroidNewsbeat,"Metzingen, Deutschland",This Android fan tweets news about the Android as a public service.  Our sponsor shares her secrets on how to raise little geniuses.,http://t.co/TgiT6sf96k,http://t.co/TgiT6sf96k,http://mc-kenna.com/,mc-kenna.com,0;22,false,4355,0,234,Thu Dec 09 04:51:38 +0000 2010,2,,,false,false,31014,en,false,false,false,C0DEED,http://abs.twimg.com/images/themes/theme1/bg.png,https://abs.twimg.com/images/themes/theme1/bg.png,false,http://pbs.twimg.com/profile_images/1186134337/android_normal.png,https://pbs.twimg.com/profile_images/1186134337/android_normal.png,1DA1F2,C0DEED,DDEEF6,333333,true,false,true,false,false,false,false,none,,,,,false,0,0,false,false,en,HugoTobio,Hugo Tobio Dise√±o,117763248,117763248,28;38,,,,,https://pbs.twimg.com/profile_banners/307297729/1482099554,Thu Jun 07 19:46:06 +0000 2018,1004811757221765100,1004811757221765121,"Looking for a job with a purpose??? Join us:

#rubyonrails developer who wants to save the world‚Ä¶ https://t.co/Mx7vImXW0H",true,https://t.co/SFjHnC0BQj,https://twitter.com/i/web/status/1004777869862580224,twitter.com/i/web/status/1‚Ä¶,117;140,en,recent,"<a href=""http://twitter.com"" rel=""nofollow"">Twitter Web Client</a>",,,,,,46902840,46902840,Lloyd Watkin üá™üá∫,lloydwatkin,"Washington, USA","Proud member of the EU. Lead developer @ @OLIO_ex. Creator of @scubaSantas, @pinittome, author, conference speaker, and new dad. South Wales/Citizen Of nowhere",https://t.co/2wLBqlcOys,https://t.co/2wLBqlcOys,http://www.evilprofessor.co.uk,evilprofessor.co.uk,0;23,false,817,552,90,Sat Jun 13 15:21:35 +0000 2009,4029,,,true,false,7893,en,false,false,false,EDDCB1,,,true,http://pbs.twimg.com/profile_images/989089084516831232/02w7r8zZ_normal.jpg,https://pbs.twimg.com/profile_images/989089084516831232/02w7r8zZ_normal.jpg,https://pbs.twimg.com/profile_banners/46902840/1519063418,FF691F,000000,6F6A81,EFA18D,true,false,false,false,false,false,false,none,,,,,false,4,4,false,false,false,en,false,,,,,,,,,,,,,,,,,,,,,,,,,,,,,,,,,,,,,,,,,,,,,,,,,,,,,,,,,,,,,,,,,,,,,,,,,,,,,,,,,,,,,,,,,,,,,,,,,,,,,,,,,,,,,,,,,,,,,,,,,,,,,,,,,,,,,,,,,,,,,,,,,,,,,,,,,,,,,,,,,,,,,,,,,,,,,,,,,,,,,,,,,,,,,,,,,,,,,,,,,,,,
Thu Jun 07 20:03:45 +0000 2018,1004816202672336900,1004816202672336898,RT @nayafia: More reasons I'm excited for @natfriedman to join GitHub üåùhttps://t.co/GxQ6n99V3J https://t.co/lWKLFCR4b0,false,https://t.co/GxQ6n99V3J,https://www.reddit.com/r/AMA/comments/8pc8mf/im_nat_friedman_future_ceo_of_github_ama/e0a2ahk/,reddit.com/r/AMA/comments‚Ä¶,71;94,en,recent,"<a href=""https://twitterrific.com/mac"" rel=""nofollow"">Twitterrific for Mac</a>",,,,,,8941562,8941562,Damien McKenna,DamienMcKenna,"London, England","Husband, father, Drupal geek at @Mediacurrent, Irish ex-pat.

Opinions are mine with assistance from the voices in my head, not my employer.",https://t.co/obhW4JZ8PC,https://t.co/obhW4JZ8PC,http://www.OLIOex.com,OLIOex.com,0;23,false,2582,715,366,Tue Sep 18 00:12:47 +0000 2007,3180,,,false,false,135243,en,false,false,false,C0DEED,http://abs.twimg.com/images/themes/theme1/bg.png,https://abs.twimg.com/images/themes/theme1/bg.png,false,http://pbs.twimg.com/profile_images/2468227747/vcznq9de37mrc48jn9jl_normal.jpeg,https://pbs.twimg.com/profile_images/2468227747/vcznq9de37mrc48jn9jl_normal.jpeg,1DA1F2,C0DEED,DDEEF6,333333,true,false,true,false,false,false,false,none,,,,,false,12,0,false,false,en,nayafia,Nadia Eghbal,326511843,326511843,3;11,,,,,https://pbs.twimg.com/profile_banners/1004373660415807494/1528301147,Thu Jun 07 17:39:31 +0000 2018,1004779902954926100,1004779902954926081,"For those wondering about the future of @AtomEditor after the GitHub acquisition, future GitHub CEO @natfriedman ha‚Ä¶ https://t.co/WJYbcftrEz",true,https://t.co/sSC0EEdBkN,https://github.com/pwn20wndstuff/noncereboot1131UI,github.com/pwn20wndstuff/‚Ä¶,49;72,en,recent,"<a href=""http://twitter.com"" rel=""nofollow"">Twitter Web Client</a>",,,,,,15483808,15483808,David Wilson,daviwil,,Programming language and code editor enthusiast. Developer on the @AtomEditor at @GitHub.,http://t.co/TlCvQJKmsx,http://t.co/TlCvQJKmsx,http://daviwil.com,daviwil.com,0;22,false,2471,630,123,Fri Jul 18 17:39:45 +0000 2008,4026,,,false,false,11073,en,false,false,false,131516,,,true,http://pbs.twimg.com/profile_images/886843604429361152/4HQZGSEn_normal.jpg,https://pbs.twimg.com/profile_images/886843604429361152/4HQZGSEn_normal.jpg,https://pbs.twimg.com/profile_banners/15483808/1384831724,003D73,EEEEEE,EFEFEF,333333,true,false,false,false,false,false,false,none,,,,,false,92,206,false,false,false,en,false,,,,,,,,,,,,,,,,,,,,,,,,,,,,,,,,,,,,,,,,,,,,,,,,,,,,,,,,,,,,,,,,,,,,,,,,,,,,,,,,,,,,,,,,,,,,,,,,,,,,,,,,,,,,,,,,,,,,,,,,,,,,,,,,,,,,,,,,,,,,,,,,,,,,,,,,,,,,,,,,,,,,,,,,,,,,,,,,,,,,,,,,,,,,,,,,,,,,,,,,,,,,
Thu Jun 07 20:03:45 +0000 2018,1004816200633897000,1004816200633896960,"–ú–Ω–µ –ø–æ–Ω—Ä–∞–≤–∏–ª–æ—Å—å –≤–∏–¥–µ–æ ""–ö—Ä–∏–ø—Ç–æ–≤–∞–ª—é—Ç—ã —É—Ö–æ–¥—è—Ç –∏–∑ github –∏–∑-–∑–∞ Microsoft""",false,https://t.co/G6r2Ow2g8m,http://GitHub.com,GitHub.com,39;62,ru,recent,"<a href=""http://www.google.com/"" rel=""nofollow"">Google</a>",,,,,,227684944,227684944,Kochnev Stanislav,HeroySTS,London,Open Source üíæ Virtualization üíª Container üê≥ und Cloud ‚òÅÔ∏èsind meine Intension üòÄ,https://t.co/J9RDLz9mKo,https://t.co/J9RDLz9mKo,http://appelgriebsch.org,appelgriebsch.org,0;23,false,28,31,4,Fri Dec 17 14:28:28 +0000 2010,334,,,false,false,16692,en,false,false,false,C0DEED,http://abs.twimg.com/images/themes/theme1/bg.png,https://abs.twimg.com/images/themes/theme1/bg.png,false,http://pbs.twimg.com/profile_images/450233906512424961/5wxT-nUE_normal.jpeg,https://pbs.twimg.com/profile_images/450233906512424961/5wxT-nUE_normal.jpeg,1DA1F2,C0DEED,DDEEF6,333333,true,false,true,false,false,false,false,none,,,,,false,0,0,false,false,ru,natfriedman,Nat Friedman,13235832,13235832,42;54,,,,,https://pbs.twimg.com/profile_banners/22604099/1527447805,Tue Jun 05 21:23:46 +0000 2018,1004111562397790200,1004111562397790209,"Code samples for https://t.co/zyxw7uCp9S https://t.co/tnlxl7SPvt.
Check out how you can use new .NET machine learni‚Ä¶ https://t.co/8OyKZWEt7a",true,https://t.co/GxQ6n99V3J,https://www.reddit.com/r/AMA/comments/8pc8mf/im_nat_friedman_future_ceo_of_github_ama/e0a2ahk/,reddit.com/r/AMA/comments‚Ä¶,58;81,en,recent,"<a href=""http://twitter.com/download/iphone"" rel=""nofollow"">Twitter for iPhone</a>",,,,,,912774860916482000,912774860916482048,Olia Gavrysh,oliagavrysh,,I mostly tweet about machine learning and especially for .NET,,,,,,false,372,26,5,Tue Sep 26 20:24:20 +0000 2017,242,,,false,false,74,en,false,false,false,000000,,,false,http://pbs.twimg.com/profile_images/992624900035694592/Oz7fwWe9_normal.jpg,https://pbs.twimg.com/profile_images/992624900035694592/Oz7fwWe9_normal.jpg,https://pbs.twimg.com/profile_banners/912774860916482048/1506461856,1B95E0,000000,000000,000000,false,false,false,false,false,false,false,none,,,,,false,76,168,false,false,false,en,false,,,,,,,,,,,,,,,,,,,,,,,,,,,,,,,,,,,,,,,,,,,,,,,,,,,,,,,,,,,,,,,,,,,,,,,,,,,,,,,,,,,,,,,,,,,,,,,,,,,,,,,,,,,,,,,,,,,,,,,,,,,,,,,,,,,,,,,,,,,,,,,,,,,,,,,,,,,,,,,,,,,,,,,,,,,,,,,,,,,,,,,,,,,,,,,,,,,,,,,,,,,,
Thu Jun 07 20:03:44 +0000 2018,1004816196473163800,1004816196473163776,RT @gitlab: The amount of imports from https://t.co/G6r2Ow2g8m to https://t.co/C4mACZ8axF increased for the 4th day in a row! People are gi‚Ä¶,false,https://t.co/C4mACZ8axF,http://GitLab.com,GitLab.com,66;89,en,recent,"<a href=""http://twitter.com/download/iphone"" rel=""nofollow"">Twitter for iPhone</a>",,,,,,737216390143344600,737216390143344640,Tse Tset üá©üá™üá™üá∫üá¨üáßüá∫üá∏üáÆüá±,tset_tse,"Essen, Germany","Achiever,Contributor,Idea Agent,Full Time Foodie,Ultimate Piggy,Scuba Diver,Papercut Survivor,Professional Troublemaker,King Tayto! Born at a very young age!üòù",https://t.co/CyPtVHF1x2,https://t.co/CyPtVHF1x2,https://thargrove89.github.io/thargrove_designportfolio/,thargrove89.github.io/thargrove_desi‚Ä¶,0;23,false,50,1066,2,Mon May 30 09:37:39 +0000 2016,645,,,false,false,203,de,false,false,false,F5F8FA,http://abs.twimg.com/images/themes/theme15/bg.png,https://abs.twimg.com/images/themes/theme15/bg.png,false,http://pbs.twimg.com/profile_images/756194349386338304/S2v-MYX7_normal.jpg,https://pbs.twimg.com/profile_images/756194349386338304/S2v-MYX7_normal.jpg,1DA1F2,C0DEED,DDEEF6,333333,true,false,true,false,false,false,false,none,,,,,true,105,0,false,false,en,gitlab,GitLab,390167291,390167291,3;10,,,,,https://pbs.twimg.com/profile_banners/114971912/1355488977,,,,,,https://t.co/G6r2Ow2g8m,http://GitHub.com,GitHub.com,27;50,,,,,,,,,,,,,,,,,,,,,,,,,,,,,,,,,,,,,,,,,,,,,,,,,,,,,,,,,,,,,,,,,false,,,,,,,,,,,,,,,,,,,,,,,,,,,,,,,,,,,,,,,,,,,,,,,,,,,,,,,,,,,,,,,,,,,,,,,,,,,,,,,,,,,,,,,,,,,,,,,,,,,,,,,,,,,,,,,,,,,,,,,,,,,,,,,,,,,,,,,,,,,,,,,,,,,,,,,,,,,,,,,,,,,,,,,,,,,,,,,,,,,,,,,,,,,,,,,,,,,,,,,,,,,,
Thu Jun 07 20:03:43 +0000 2018,1004816190588506100,1004816190588506112,"RT @Pwn20wnd: noncereboot1131 has been released on https://t.co/ekAr9gdL9d. For now, you have to compile it yourself with your developer ac‚Ä¶",false,https://t.co/ekAr9gdL9d,https://github.com/pwn20wndstuff/noncereboot1131UI,github.com/pwn20wndstuff/‚Ä¶,51;74,en,recent,"<a href=""http://twitter.com/download/iphone"" rel=""nofollow"">Twitter for iPhone</a>",,,,,,898170906,898170906,‚ú®¬∑.¬∑¬∑.üí•DONüí•¬∑.¬∑¬∑.‚ú®,FatalPunisher88,"North Carolina, USA",Let's end #foodwaste! We connect neighbours with each other so food can be shared. Join the Food Sharing Revolution. Co-founded by @saashaN8 & @TessaLFClarke,http://t.co/BdtGdxvgf9,http://t.co/BdtGdxvgf9,http://jenkins-ci.org/releases.rss,jenkins-ci.org/releases.rss,0;22,false,827,799,2,Mon Oct 22 18:54:10 +0000 2012,719,,,false,false,1813,en,false,false,false,C0DEED,http://abs.twimg.com/images/themes/theme1/bg.png,https://abs.twimg.com/images/themes/theme1/bg.png,false,http://pbs.twimg.com/profile_images/967366854221156352/UIO0fiAg_normal.jpg,https://pbs.twimg.com/profile_images/967366854221156352/UIO0fiAg_normal.jpg,1DA1F2,C0DEED,DDEEF6,333333,true,true,true,false,false,false,false,none,,,,,false,39,0,false,false,en,Pwn20wnd,Pwn20wnd,720957658501640200,720957658501640193,3;12,,,,,https://pbs.twimg.com/profile_banners/2272738633/1388653792,,,,,,https://t.co/C4mACZ8axF,http://GitLab.com,GitLab.com,54;77,,,,,,,,,,,,,,,,,,,,,,,,,,,,,,,,,,,,,,,,,,,,,,,,,,,,,,,,,,,,,,,,,false,,,,,,,,,,,,,,,,,,,,,,,,,,,,,,,,,,,,,,,,,,,,,,,,,,,,,,,,,,,,,,,,,,,,,,,,,,,,,,,,,,,,,,,,,,,,,,,,,,,,,,,,,,,,,,,,,,,,,,,,,,,,,,,,,,,,,,,,,,,,,,,,,,,,,,,,,,,,,,,,,,,,,,,,,,,,,,,,,,,,,,,,,,,,,,,,,,,,,,,,,,,,
Thu Jun 07 20:03:42 +0000 2018,1004816187786715100,1004816187786715138,"RT @lloydwatkin: Looking for a job with a purpose??? Join us:

#rubyonrails developer who wants to save the world
https://t.co/yC7ScAFHBo‚Ä¶",false,https://t.co/yC7ScAFHBo,https://jobs.github.com/positions/74050a44-6a89-11e8-861f-b7391dff7102,jobs.github.com/positions/7405‚Ä¶,114;137,en,recent,"<a href=""http://twitter.com"" rel=""nofollow"">Twitter Web Client</a>",,,,,,3049134304,3049134304,OLIO,OLIO_ex,Euskal Herria,M. Sc. Web Science @WebSciCologne; Lead Architect Retail Software @DieboldNixdorf. Fullstack on #nodejs #docker #react #electronjs. All opinions are my own.,http://t.co/ifQouPE6Qx,http://t.co/ifQouPE6Qx,http://iBrainGamer.com,iBrainGamer.com,0;22,false,10238,833,369,Sat Feb 21 08:37:43 +0000 2015,23928,,,false,false,8488,en,false,false,false,000000,http://abs.twimg.com/images/themes/theme15/bg.png,https://abs.twimg.com/images/themes/theme15/bg.png,false,http://pbs.twimg.com/profile_images/874195439469330432/FmvCYqZ7_normal.jpg,https://pbs.twimg.com/profile_images/874195439469330432/FmvCYqZ7_normal.jpg,00A69C,000000,000000,000000,false,false,false,false,false,false,false,none,,,,,false,4,0,false,false,en,lloydwatkin,Lloyd Watkin üá™üá∫,46902840,46902840,3;15,,,,,,,,,,,https://t.co/SFjHnC0BQj,https://twitter.com/i/web/status/1004777869862580224,twitter.com/i/web/status/1‚Ä¶,117;140,,,,,,,,,,,,,,,,,,,,,,,,,,,,,,,,,,,,,,,,,,,,,,,,,,,,,,,,,,,,,,,,,false,,,,,,,,,,,,,,,,,,,,,,,,,,,,,,,,,,,,,,,,,,,,,,,,,,,,,,,,,,,,,,,,,,,,,,,,,,,,,,,,,,,,,,,,,,,,,,,,,,,,,,,,,,,,,,,,,,,,,,,,,,,,,,,,,,,,,,,,,,,,,,,,,,,,,,,,,,,,,,,,,,,,,,,,,,,,,,,,,,,,,,,,,,,,,,,,,,,,,,,,,,,,
Thu Jun 07 20:03:42 +0000 2018,1004816186587209700,1004816186587209728,"RT @daviwil: For those wondering about the future of @AtomEditor after the GitHub acquisition, future GitHub CEO @natfriedman has your answ‚Ä¶",false,https://t.co/MrqIp4vk6W,https://thargrove89.github.io/thargrove_designportfolio/,thargrove89.github.io/thargrove_desi‚Ä¶,91;114,en,recent,"<a href=""http://mvilla.it/fenix"" rel=""nofollow"">Fenix 2</a>",,,,,,307297729,307297729,Andreas Gerlach,appelgriebsch,"Russia, Ufa","Graphic design extraordinaire

Logos | Web Banners | Signs 
T-shirts | Flyers |Brochures
Business Cards | Twitter Headers
Facebook Headers | Photo Editing",https://t.co/jjHV5SR2UD,https://t.co/jjHV5SR2UD,http://www.deeplp.com,deeplp.com,0;23,false,352,115,195,Sun May 29 11:26:34 +0000 2011,8910,,,true,false,13671,en,false,false,false,000000,http://abs.twimg.com/images/themes/theme14/bg.gif,https://abs.twimg.com/images/themes/theme14/bg.gif,false,http://pbs.twimg.com/profile_images/985118603761635328/dsLvg2-R_normal.jpg,https://pbs.twimg.com/profile_images/985118603761635328/dsLvg2-R_normal.jpg,3B94D9,000000,000000,000000,false,true,false,false,false,false,false,regular,,,,,false,92,0,false,false,en,daviwil,David Wilson,15483808,15483808,3;11,,,,,,,,,,,https://t.co/ekAr9gdL9d,https://github.com/pwn20wndstuff/noncereboot1131UI,github.com/pwn20wndstuff/‚Ä¶,37;60,,,,,,,,,,,,,,,,,,,,,,,,,,,,,,,,,,,,,,,,,,,,,,,,,,,,,,,,,,,,,,,,,false,,,,,,,,,,,,,,,,,,,,,,,,,,,,,,,,,,,,,,,,,,,,,,,,,,,,,,,,,,,,,,,,,,,,,,,,,,,,,,,,,,,,,,,,,,,,,,,,,,,,,,,,,,,,,,,,,,,,,,,,,,,,,,,,,,,,,,,,,,,,,,,,,,,,,,,,,,,,,,,,,,,,,,,,,,,,,,,,,,,,,,,,,,,,,,,,,,,,,,,,,,,,
Thu Jun 07 20:03:41 +0000 2018,1004816184049578000,1004816184049577986,@FinnCoding Good afternoon. Check out my portfolio. I can definitely help for a low price. https://t.co/MrqIp4vk6W,false,https://t.co/q8OF2RsVsl,http://dlvr.it/QWXrZ1,dlvr.it/QWXrZ1,30;53,en,recent,"<a href=""http://twitter.com"" rel=""nofollow"">Twitter Web Client</a>",,,,,,1004373660415807500,1004373660415807494,Travis Hargrove,Travey89,London/NYC/Silicon Valley,This bot tweets Jenkins plugin releases,,,,,,false,2,3,0,Wed Jun 06 14:45:15 +0000 2018,1,,,false,false,6,en,false,false,false,000000,http://abs.twimg.com/images/themes/theme2/bg.gif,https://abs.twimg.com/images/themes/theme2/bg.gif,false,http://pbs.twimg.com/profile_images/1004374109868908544/ovl-uAd7_normal.jpg,https://pbs.twimg.com/profile_images/1004374109868908544/ovl-uAd7_normal.jpg,1B95E0,000000,000000,000000,false,false,false,false,false,false,false,none,,,,,false,0,0,false,false,en,AtomEditor,Atom Editor,2339397540,2339397540,53;64,,,,,,,,,,,https://t.co/RpOac8hGc2,https://twitter.com/i/web/status/1004814853842743296,twitter.com/i/web/status/1‚Ä¶,117;140,,,,,,,,,,,,,,,,,,,,,,,,,,,,,,,,,,,,,,,,,,,,,,,,,,,,,,,,,,,,,,,,,false,,,,,,,,,,,,,,,,,,,,,,,,,,,,,,,,,,,,,,,,,,,,,,,,,,,,,,,,,,,,,,,,,,,,,,,,,,,,,,,,,,,,,,,,,,,,,,,,,,,,,,,,,,,,,,,,,,,,,,,,,,,,,,,,,,,,,,,,,,,,,,,,,,,,,,,,,,,,,,,,,,,,,,,,,,,,,,,,,,,,,,,,,,,,,,,,,,,,,,,,,,,,
Thu Jun 07 20:03:37 +0000 2018,1004816166798233600,1004816166798233600,GitHub Integration 0.2.0-rc-1 https://t.co/q8OF2RsVsl,false,https://t.co/XbJBngp3Ko,https://github.com/xSojo/ExcelMacro,github.com/xSojo/ExcelMac‚Ä¶,78;101,en,recent,"<a href=""https://dlvrit.com/"" rel=""nofollow"">dlvr.it</a>",,,,,,255677809,255677809,Jenkins releases,jenkins_release,,Waiting to be summoned into an isekai.,,,,,,false,2708,1,100,Mon Feb 21 21:05:37 +0000 2011,0,,,false,false,14581,en,false,false,false,022330,http://abs.twimg.com/images/themes/theme1/bg.png,https://abs.twimg.com/images/themes/theme1/bg.png,false,http://pbs.twimg.com/profile_images/1311566289/headshot_normal.png,https://pbs.twimg.com/profile_images/1311566289/headshot_normal.png,0084B4,A8C7F7,C0DFEC,333333,true,false,false,false,false,false,false,none,,,,,false,0,0,false,false,en,natfriedman,Nat Friedman,13235832,13235832,113;125,,,,,,,,,,,https://t.co/Mx7vImXW0H,https://twitter.com/i/web/status/1004811757221765121,twitter.com/i/web/status/1‚Ä¶,98;121,,,,,,,,,,,,,,,,,,,,,,,,,,,,,,,,,,,,,,,,,,,,,,,,,,,,,,,,,,,,,,,,,,,,,,,,,,,,,,,,,,,,,,,,,,,,,,,,,,,,,,,,,,,,,,,,,,,,,,,,,,,,,,,,,,,,,,,,,,,,,,,,,,,,,,,,,,,,,,,,,,,,,,,,,,,,,,,,,,,,,,,,,,,,,,,,,,,,,,,,,,,,,,,,,,,,,,,,,,,,,,,,,,,,,,,,,,,,,,,,,,,,,,,,,,,,,,,,,,,,,,,,,,,,,
Thu Jun 07 20:03:31 +0000 2018,1004816140760166400,1004816140760166400,"Pues he subido por primera vez algo a Github que puede serle util a la gente. https://t.co/XbJBngp3Ko

Es un macro‚Ä¶ https://t.co/3o2V5htEcs",true,https://t.co/3o2V5htEcs,https://twitter.com/i/web/status/1004816140760166400,twitter.com/i/web/status/1‚Ä¶,116;139,es,recent,"<a href=""http://twitter.com"" rel=""nofollow"">Twitter Web Client</a>",,,,,,22604099,22604099,Sojo,xSojo,,"C# Dev, Windows Phone Dev, Swift Learner",,,,,,false,2641,266,19,Tue Mar 03 09:09:41 +0000 2009,1905,,,false,false,11968,en,false,false,false,E78F04,,,true,http://pbs.twimg.com/profile_images/952546660919463936/jN-G0ZY6_normal.jpg,https://pbs.twimg.com/profile_images/952546660919463936/jN-G0ZY6_normal.jpg,DE3801,FFFFFF,EFEFEF,333333,true,true,false,false,false,false,false,regular,,,,,false,0,0,false,false,es,FinnCoding,Finn,4901580389,4901580389,0;11,,,,,,,,,,,https://t.co/WJYbcftrEz,https://twitter.com/i/web/status/1004779902954926081,twitter.com/i/web/status/1‚Ä¶,117;140,,,,,,,,,,,,,,,,,,,,,,,,,,,,,,,,,,,,,,,,,,,,,,,,,,,,,,,,,,,,,,,,,,,,,,,,,,,,,,,,,,,,,,,,,,,,,,,,,,,,,,,,,,,,,,,,,,,,,,,,,,,,,,,,,,,,,,,,,,,,,,,,,,,,,,,,,,,,,,,,,,,,,,,,,,,,,,,,,,,,,,,,,,,,,,,,,,,,,,,,,,,,,,,,,,,,,,,,,,,,,,,,,,,,,,,,,,,,,,,,,,,,,,,,,,,,,,,,,,,,,,,,,,,,,
Thu Jun 07 20:03:31 +0000 2018,1004816140605055000,1004816140605054976,"RT @oliagavrysh: Code samples for https://t.co/zyxw7uCp9S https://t.co/tnlxl7SPvt.
Check out how you can use new .NET machine learning APIs‚Ä¶",false,https://t.co/zyxw7uCp9S,http://ML.NET,ML.NET,34;57,en,recent,"<a href=""http://twitter.com/download/iphone"" rel=""nofollow"">Twitter for iPhone</a>",,,,,,114971912,114971912,Alex Zaozerskiy,AlexandrYZ,,Founder & CEO @ Deep Learning Partnership. AI and Blockchain consulting services. Advisor at Wizebit.,,,,,,false,359,175,31,Wed Feb 17 05:36:40 +0000 2010,137,,,false,false,6334,en,false,false,true,000000,,,false,http://pbs.twimg.com/profile_images/378800000641027968/502b4816595dd857d2ebc1b2f89e696b_normal.jpeg,https://pbs.twimg.com/profile_images/378800000641027968/502b4816595dd857d2ebc1b2f89e696b_normal.jpeg,ABB8C2,000000,000000,000000,false,false,false,false,false,false,false,none,,,,,false,76,0,false,false,en,oliagavrysh,Olia Gavrysh,912774860916482000,912774860916482048,3;15,,,,,,,,,,,https://t.co/zyxw7uCp9S,http://ML.NET,ML.NET,17;40,,,,,,,,,,,,,,,,,,,,,,,,,,,,,,,,,,,,,,,,,,,,,,,,,,,,,,,,,,,,,,,,,,,,,,,,,,,,,,,,,,,,,,,,,,,,,,,,,,,,,,,,,,,,,,,,,,,,,,,,,,,,,,,,,,,,,,,,,,,,,,,,,,,,,,,,,,,,,,,,,,,,,,,,,,,,,,,,,,,,,,,,,,,,,,,,,,,,,,,,,,,,,,,,,,,,,,,,,,,,,,,,,,,,,,,,,,,,,,,,,,,,,,,,,,,,,,,,,,,,,,,,,,,,,
Thu Jun 07 20:03:26 +0000 2018,1004816122678579200,1004816122678579202,TensorFlow 1.9.0-rc0 has been released!  https://t.co/X18NMzZRMA,false,https://t.co/tnlxl7SPvt,https://github.com/dotnet/machinelearning-samples,github.com/dotnet/machine‚Ä¶,58;81,en,recent,"<a href=""http://twitter.com"" rel=""nofollow"">Twitter Web Client</a>",,,,,,2272738633,2272738633,Peter Morgan,PMZepto,,,,,,,,false,1479,3128,293,Thu Jan 02 08:58:35 +0000 2014,22177,,,true,false,11636,en,false,false,false,C0DEED,,,false,http://pbs.twimg.com/profile_images/418671347703631873/V1SkW6TJ_normal.jpeg,https://pbs.twimg.com/profile_images/418671347703631873/V1SkW6TJ_normal.jpeg,0084B4,FFFFFF,DDEEF6,333333,true,false,false,false,false,false,false,none,,,,,false,0,0,false,false,en,,,,,,,,,,,,,,,,https://t.co/tnlxl7SPvt,https://github.com/dotnet/machinelearning-samples,github.com/dotnet/machine‚Ä¶,41;64,,,,,,,,,,,,,,,,,,,,,,,,,,,,,,,,,,,,,,,,,,,,,,,,,,,,,,,,,,,,,,,,,,,,,,,,,,,,,,,,,,,,,,,,,,,,,,,,,,,,,,,,,,,,,,,,,,,,,,,,,,,,,,,,,,,,,,,,,,,,,,,,,,,,,,,,,,,,,,,,,,,,,,,,,,,,,,,,,,,,,,,,,,,,,,,,,,,,,,,,,,,,,,,,,,,,,,,,,,,,,,,,,,,,,,,,,,,,,,,,,,,,,,,,,,,,,,,,,,,,,,,,,,,,,
,,,,,https://t.co/X18NMzZRMA,https://github.com/tensorflow/tensorflow/releases/tag/v1.9.0-rc0,github.com/tensorflow/ten‚Ä¶,41;64,,,,,,,,,,,,,,,,,,,,,,,,,,,,,,,,,,,,,,,,,,,,,,,,,,,,,,,,,,,,,,,,,,,,,,,,,,,,,,https://t.co/8OyKZWEt7a,https://twitter.com/i/web/status/1004111562397790209,twitter.com/i/web/status/1‚Ä¶,117;140,,,,,,,,,,,,,,,,,,,,,,,,,,,,,,,,,,,,,,,,,,,,,,,,,,,,,,,,,,,,,,,,,,,,,,,,,,,,,,,,,,,,,,,,,,,,,,,,,,,,,,,,,,,,,,,,,,,,,,,,,,,,,,,,,,,,,,,,,,,,,,,,,,,,,,,,,,,,,,,,,,,,,,,,,,,,,,,,,,,,,,,,,,,,,,,,,,,,,,,,,,,,,,,,,,,,,,,,,,,,,,,,,,,,,,,,,,,,,,,,,,,,,,,,,,,,,,,,,,,,,,,,,,,,,